"","CN"
"228957",10707934010661
"229242",10729758010661
"229400",10728678010661
"229582",10706763010661
"231169",10785240010661
"231950",10726618010661
"232253",10775058010661
"232261",10775385010661
"232270",10746526010661
"232635",10780862010661
"232848",10747063010661
"232948",722438002290487
"233414",10782077010661
"233436",10748825010661
"234774",16264615020004
"234823",722438121290487
"236148",171959063020004
"236295",16264899020004
"236555",171958710020004
"237676",464514636489998
"238262",464514672489998
"238706",464514532489998
"239586",247104640010661
"239760",58244913010538
"239786",58260123010538
"240082",58530671010538
"240611",247104725010661
"241022",58356759010538
"241800",464513843489998
"242452",58576073010538
"243035",58308258010538
"243720",171958548020004
"244699",58350199010538
"245033",58323229010538
"245267",58539772010538
"246325",247104846010661
"246396",58405724010538
"246964",222095596010661
"247728",122561624010661
"247805",76903903010538
"247852",122561882010661
"247981",145019949010661
"248105",76871259010538
"248512",113493849010661
"249404",122561980010661
"249625",511231932126144
"250927",145020453010661
"251067",145020781010661
"251464",618638404126144
"251798",618638242126144
"252179",113493513010661
"253573",222095710010661
